<?xml version="1.0" encoding="UTF-8"?>
<!DOCTYPE mapper
        PUBLIC "-//mybatis.org//DTD Mapper 3.0//EN"
        "http://mybatis.org/dtd/mybatis-3-mapper.dtd">
<mapper namespace="com.example.mapper.UserMapper">

    <sql id="Base_Column_List">
        id,date,province,name,city,address,zip
    </sql>

    <select id="selectAll" resultType="com.example.entity.User">
        select
        <include refid="Base_Column_List" />
        from user
        <where>
            <if test="id != null"> and id= #{id}</if>
            <if test="date != null"> and date=  #{date}</if>
            <if test="province != null"> and province= #{province}</if>
            <if test="name != null"> and name like concat('%', #{name}, '%')</if>
            <if test="city != null"> and city= #{city}</if>
            <if test="address != null"> and address= #{address}</if>
            <if test="zip != null"> and zip= #{zip}</if>
        </where>
    </select>

    <select id="selectById" resultType="com.example.entity.User">
        select
        <include refid="Base_Column_List" />
        from user
        where id = #{id}
    </select>

    <delete id="deleteById">
        delete from user
        where  id = #{id}
    </delete>

    <insert id="insert" parameterType="com.example.entity.User" useGeneratedKeys="true">
        insert into user
        <trim prefix="(" suffix=")" suffixOverrides=",">
                <if test="id != null">id,</if>
                <if test="date != null">date,</if>
                <if test="province != null">province,</if>
                <if test="name != null">name,</if>
                <if test="city != null">city,</if>
                <if test="address != null">address,</if>
        </trim>
        <trim prefix="values (" suffix=")" suffixOverrides=",">
                <if test="id != null">#{id},</if>
                <if test="date != null">#{date},</if>
                <if test="province != null">#{province},</if>
                <if test="name != null">#{name},</if>
                <if test="city != null">#{city},</if>
                <if test="address != null">#{address},</if>
        </trim>
    </insert>

    <update id="updateById" parameterType="com.example.entity.User">
        update user
        <set>
            <if test="date != null">
                date = #{date},
            </if>
            <if test="province != null">
                province = #{province},
            </if>
            <if test="name != null">
                name = #{name},
            </if>
            <if test="city != null">
                city = #{city},
            </if>
            <if test="address != null">
                address = #{address},
            </if>
            <if test="zip != null">
                zip = #{zip},
            </if>
        </set>
        where id = #{id} 
    </update>

</mapper>